ProductService-addProduct,1587408241397
ProductService-getProduct,1587408241397
ProductService-changePriceOfProduct,1587408241409
ProductService-getProduct,1587408241409
ProductService-getExpired,1587408241409
ProductService-getGuarantee,1587408241409
ProductService-getTransported,1587408241409
ProductService-deleteByName,1587408241410
ProductService-getProduct,1587408241410
ProductService-findByName,1587408241410
PaymentService-getByCashRegister,1587408241410
PaymentService-getByCashRegister,1587408241449
PaymentService-getByPaymentCard,1587408241450
PaymentService-getByPaymentCash,1587408241450
PaymentService-findById,1587408241451
CashRegisterService-getCashRegister,1587408241451
CashRegisterService-changeNumberOfCashRegister,1587408241452
CashRegisterService-getCashRegister,1587408241452
CardService-getCard,1587408241452
CardService-addCard,1587408241453
CardService-addCard,1587408241453
CashRegisterService-addCashRegister,1587408241453
CashRegisterService-addCashRegister,1587408241453
ProductService-addProduct,1587408241454
ProductService-addProduct,1587408241454
ProductService-addProduct,1587408241454
ProductService-addProduct,1587408241454
ProductService-addProduct,1587408241455
ProductService-addProduct,1587408241455
ProductService-getProduct,1587408241455
CashRegisterService-getCashRegister,1587408241455
CardService-getCard,1587408241455
